Titulo,Link,Data_Coleta,Fonte
Especialista de Produtos de Dados (Cientista de Dados),https://www.adzuna.com.br/land/ad/5729422899?se=hEBQi5hl8RGtfJE5OTgaVg&title=Especialista_de_Produtos_de_Dados_%28Cientista_de_Dados%29&v=D25079247398D99AB591F070EFCD8087763E18E6,2026-06-11,adzuna
Arquiteto de Dados,https://www.adzuna.com.br/land/ad/5744063420?se=hEBQi5hl8RGtfJE5OTgaVg&title=Arquiteto_de_Dados&v=0245CB9A1E0D3AA270C2FAE6DC598CEEA9EAB73E,2026-06-11,adzuna
Analista de dados,https://www.adzuna.com.br/land/ad/5758781191?se=hEBQi5hl8RGtfJE5OTgaVg&title=Analista_de_dados&v=82DC7BFE38EE8EF7A5504055267FA47AA1698D88,2026-06-11,adzuna
Arquiteto Dados,https://www.adzuna.com.br/land/ad/5753411673?se=hEBQi5hl8RGtfJE5OTgaVg&title=Arquiteto_Dados&v=97C95EC21EFBF2D365BA1527312D3489E4FD6C4E,2026-06-11,adzuna
Especialista de Dados,https://www.adzuna.com.br/land/ad/5732487135?se=hEBQi5hl8RGtfJE5OTgaVg&title=Especialista_de_Dados&v=CBFBE3D92ED3BBC9F7821D7777704CB91309F40E,2026-06-11,adzuna
Engenheiro de dados,https://www.adzuna.com.br/land/ad/5753411603?se=hEBQi5hl8RGtfJE5OTgaVg&title=Engenheiro_de_dados&v=A7889CFCE622F4BC4ED03D2DBC2FC4C8E09DB79D,2026-06-11,adzuna
Engenheiro de dados,https://www.adzuna.com.br/land/ad/5737850614?se=hEBQi5hl8RGtfJE5OTgaVg&title=Engenheiro_de_dados&v=7D1AC7ACB887B313235B884A18AA5F49B232CAB0,2026-06-11,adzuna
Engenheiro de dados,https://www.adzuna.com.br/land/ad/5730479315?se=hEBQi5hl8RGtfJE5OTgaVg&title=Engenheiro_de_dados&v=63F3BACA72D8543E9568304EECAFAA5459B84B14,2026-06-11,adzuna
Engenheiro (a) de dados,https://www.adzuna.com.br/land/ad/5730479268?se=hEBQi5hl8RGtfJE5OTgaVg&title=Engenheiro_%28a%29_de_dados&v=2D9D236983E2114109B9872173BE061F51C2C064,2026-06-11,adzuna
Analista de Dados,https://www.adzuna.com.br/land/ad/5758778113?se=hEBQi5hl8RGtfJE5OTgaVg&title=Analista_de_Dados&v=9C2BDF553DA1AA10F405ABB37E94ACA4C379FD7D,2026-06-11,adzuna
Analista de dados,https://www.adzuna.com.br/land/ad/5737850162?se=eFrni5hl8RG_VYhltYwHwQ&title=Analista_de_dados&v=2C78CEF43F8ED0628129BB256299EDF10CDECB9C,2026-06-11,adzuna
Cientista de Dados,https://www.adzuna.com.br/land/ad/5755633050?se=eFrni5hl8RG_VYhltYwHwQ&title=Cientista_de_Dados&v=9A8243004B1F838316C821DA6C47481CE5837885,2026-06-11,adzuna
Engenheiro de dados,https://www.adzuna.com.br/land/ad/5731853527?se=eFrni5hl8RG_VYhltYwHwQ&title=Engenheiro_de_dados&v=B270E6C63477AA3E4BF892E1372BDD1F6FADAE62,2026-06-11,adzuna
Cientista de Dados,https://www.adzuna.com.br/land/ad/5755632927?se=eFrni5hl8RG_VYhltYwHwQ&title=Cientista_de_Dados&v=DC752CD6777DE354E6C5878B344CD3F2ECCD3083,2026-06-11,adzuna
Cientista de dados,https://www.adzuna.com.br/land/ad/5736683972?se=eFrni5hl8RG_VYhltYwHwQ&title=Cientista_de_dados&v=3A9D8757D79EFE7A72B7C115496B625F07CE035E,2026-06-11,adzuna
Engenheiro de dados,https://www.adzuna.com.br/land/ad/5735233719?se=eFrni5hl8RG_VYhltYwHwQ&title=Engenheiro_de_dados&v=540168096BCDA7E3F9F20B3ADFD374B505C1931D,2026-06-11,adzuna
Cientista de Dados,https://www.adzuna.com.br/land/ad/5735233783?se=eFrni5hl8RG_VYhltYwHwQ&title=Cientista_de_Dados&v=0EE4F368F75213BB0A363BA2F8C6FB5971FED98D,2026-06-11,adzuna
ESPECIALISTA BI [BANCO DE DADOS E ENGENHARIA DE DADOS],https://www.adzuna.com.br/land/ad/5716669285?se=eFrni5hl8RG_VYhltYwHwQ&title=ESPECIALISTA_BI_%5BBANCO_DE_DADOS_E_ENGENHARIA_DE_DADOS%5D&v=8D41206AB3158AC749A1A940A7A1856CAB7F56E7,2026-06-11,adzuna
Engenheiro de Dados Jr,https://www.adzuna.com.br/land/ad/5745662411?se=eFrni5hl8RG_VYhltYwHwQ&title=Engenheiro_de_Dados_Jr&v=15BC1F7AEBE323B4788E7225F180F76DC962CCCB,2026-06-11,adzuna
Analista de dados Pleno,https://www.adzuna.com.br/land/ad/5756539853?se=eFrni5hl8RG_VYhltYwHwQ&title=Analista_de_dados_Pleno&v=71389F050235EFB49DA07657760F19BE5C1FCDC0,2026-06-11,adzuna
Arquiteto de Dados Sr.,https://www.adzuna.com.br/land/ad/5758781254?se=iluTi5hl8RGbrLNx6XzkXg&title=Arquiteto_de_Dados_Sr.&v=79F4BF9940D542BB338BFFF1FD81BDA180164215,2026-06-11,adzuna
Engenheiro de Dados Sênior,https://www.adzuna.com.br/land/ad/5732487127?se=XFbjjJhl8RGzUJ6WfKMvQQ&title=Engenheiro_de_Dados_S%C3%AAnior&v=950F1256F36962D4F16FC2CB0D552B7B3B41F3E6,2026-06-11,adzuna
Cientista de Dados Sr,https://www.adzuna.com.br/land/ad/5739911921?se=XFbjjJhl8RGzUJ6WfKMvQQ&title=Cientista_de_Dados_Sr&v=D29B498035EB1E893463BA23E1289AA4F800F6B1,2026-06-11,adzuna
Engenheiro de Dados Sr.,https://www.adzuna.com.br/land/ad/5731853921?se=XFbjjJhl8RGzUJ6WfKMvQQ&title=Engenheiro_de_Dados_Sr.&v=68F627A4DCB84AF0AAC05C122BB6B20EE9195C0C,2026-06-11,adzuna
Consultor Dados - EQuIS,https://www.adzuna.com.br/land/ad/5730227513?se=XFbjjJhl8RGzUJ6WfKMvQQ&title=Consultor_Dados_-_EQuIS&v=D098848F8C3D4A83564BF82C730BDB0F9D298F1E,2026-06-11,adzuna
Engenheiro(a) de Dados Sênior,https://www.adzuna.com.br/land/ad/5732487028?se=XFbjjJhl8RGzUJ6WfKMvQQ&title=Engenheiro%28a%29_de_Dados_S%C3%AAnior&v=4E69766359389EC2DEE5B9C2CD089A729BD5B804,2026-06-11,adzuna
Analista de Dados Sênior,https://www.adzuna.com.br/land/ad/5752066943?se=XFbjjJhl8RGzUJ6WfKMvQQ&title=Analista_de_Dados_S%C3%AAnior&v=6BD5FA4D19402C2777F6FF5E982AB89BF3FD01F5,2026-06-11,adzuna
Analista de dados sênior,https://www.adzuna.com.br/land/ad/5745662463?se=XFbjjJhl8RGzUJ6WfKMvQQ&title=Analista_de_dados_s%C3%AAnior&v=7C9EAE49B4852B1A05AFB7D650F53846EAA2B02A,2026-06-11,adzuna
Engenheiro de Dados Sênior,https://www.adzuna.com.br/land/ad/5737849919?se=XFbjjJhl8RGzUJ6WfKMvQQ&title=Engenheiro_de_Dados_S%C3%AAnior&v=F3497F8CB670EFA8FCECB03DF3D0EB471F81AA64,2026-06-11,adzuna
Engenheiro de dados S,https://www.adzuna.com.br/land/ad/5755633230?se=XFbjjJhl8RGzUJ6WfKMvQQ&title=Engenheiro_de_dados_S&v=398965EDFD0C08332E15813003D4A2DDD4F3DEF7,2026-06-11,adzuna
Analista de Dados e Growth,https://www.adzuna.com.br/land/ad/5756811635?se=XFbjjJhl8RGzUJ6WfKMvQQ&title=Analista_de_Dados_e_Growth&v=F868EEF87064D6F008D70EDE04AC85BBDA4ADFBE,2026-06-11,adzuna
Cientista de Dados SR,https://www.adzuna.com.br/land/ad/5750868326?se=vu61jZhl8RGzUJ6WfKMvQQ&title=Cientista_de_Dados_SR&v=0D6FD3B918ADBDCA4861EC835265DCF2646EFDD5,2026-06-11,adzuna
